{"entities":{"pages":{"Home":{"id":"Home","title":"EXCHANGE_2.0 wiki!","url":"home.html","level":0,"tabIndex":0},"installation":{"id":"installation","title":"h1","url":"installation.html","level":0,"pages":["How-to"],"tabIndex":1},"How-to":{"id":"How-to","title":"How to","url":"how-to.html","level":1,"parentId":"installation","tabIndex":0},"Empty-MD-Topic":{"id":"Empty-MD-Topic","title":"Empty MD Topic","url":"empty-md-topic.html","level":0,"tabIndex":2},"concept":{"id":"concept","title":"Concept","url":"concept.html","level":0,"pages":["User-Management"],"tabIndex":3},"User-Management":{"id":"User-Management","title":"User Management","url":"user-management.html","level":1,"parentId":"concept","tabIndex":0}}},"topLevelIds":["Home","installation","Empty-MD-Topic","concept"]}